Issuer;ISO3;World Bank Region name;Type;Issue Year;;Issued Amount (USD);Issued Amount (USD Real);Coupon/Discount Rate;Developed / Developing regions;DNS Type
Seychelles;SYC;Sub-Saharan Africa;Blue Bond;2018;;15000000;;6,5;Developing;.
Seychelles;SYC;Sub-Saharan Africa;Blue Bond;2018;;21000000;;6,5;Developing;.
Belize;BLZ;Latin America & Caribbean;Blue Bond;2021;;364000000;;4,89;Developing;.
Bahamas;BHS;Latin America & Caribbean;Blue Bond;2022;;385000000;;7,19;Developing;.
Barbados;BRB;Latin America & Caribbean;Blue Bond;2022;;147000000;;3,8;Developing;.
Ecuador;ECU;Latin America & Caribbean;Blue Bond;2023;;656000000;;5,645;Developing;.
Indonesia;IDN;East Asia & Pacific;Blue Bond;2023;;150000000;;1,27;Developing;.
Gabon;GAB;Sub-Saharan Africa;Blue Bond;2023;;500000000;;6,097;Developing;.
Bolivia;BOL;Latin America & Caribbean;DNS;1987;31,15;700000;2247191,011;.;Developing;Tripartite
Ecuador;ECU;Latin America & Caribbean;DNS;1987;31,15;1000000;3210272,873;.;Developing;Tripartite
Costa Rica;CRI;Latin America & Caribbean;DNS;1988;32,66;5400000;16533986,53;.;Developing;Tripartite
Costa Rica;CRI;Latin America & Caribbean;DNS;1988;32,66;33000000;101041028,8;.;Developing;Tripartite
Philippines;PHL;East Asia & Pacific;DNS;1988;32,66;400000;1224739,743;.;Developing;Tripartite
Costa Rica;CRI;Latin America & Caribbean;DNS;1989;34,6;5600000;16184971,1;.;Developing;Tripartite
Costa Rica;CRI;Latin America & Caribbean;DNS;1989;34,6;24500000;70809248,55;.;Developing;Tripartite
Ecuador;ECU;Latin America & Caribbean;DNS;1989;34,6;3600000;10404624,28;.;Developing;Tripartite
Ecuador;ECU;Latin America & Caribbean;DNS;1989;34,6;5400000;15606936,42;.;Developing;Tripartite
Madagascar;MDG;Sub-Saharan Africa;DNS;1989;34,6;2100000;6069364,162;.;Developing;Tripartite
Zambia;ZMB;Sub-Saharan Africa;DNS;1989;34,6;2300000;6647398,844;.;Developing;Tripartite
Costa Rica;CRI;Latin America & Caribbean;DNS;1990;37,65;10800000;28685258,96;.;Developing;Tripartite
Dominican Republic;DOM;Latin America & Caribbean;DNS;1990;37,65;600000;1593625,498;.;Developing;Tripartite
Madagascar;MDG;Sub-Saharan Africa;DNS;1990;37,65;900000;2390438,247;.;Developing;Tripartite
Philippines;PHL;East Asia & Pacific;DNS;1990;37,65;900000;2390438,247;.;Developing;Tripartite
Poland;POL;Europe & Central Asia;DNS;1990;37,65;100000;265604,2497;.;Developed;Tripartite
Poland;POL;Europe & Central Asia;DNS;1990;37,65;17000000;45152722,44;.;Developed;Bilateral
Bolivia;BOL;Latin America & Caribbean;DNS;1991;34,2;30700000;89766081,87;.;Developing;Bilateral
Brazil;BRA;Latin America & Caribbean;DNS;1991;34,2;2200000;6432748,538;.;Developing;Tripartite
Chile;CHL;Latin America & Caribbean;DNS;1991;34,2;15900000;46491228,07;.;Developing;Bilateral
Costa Rica;CRI;Latin America & Caribbean;DNS;1991;34,2;600000;1754385,965;.;Developing;Tripartite
Guatemala;GTM;Latin America & Caribbean;DNS;1991;34,2;100000;292397,6608;.;Developing;Tripartite
Jamaica;JAM;Latin America & Caribbean;DNS;1991;34,2;400000;1169590,643;.;Developing;Tripartite
Jamaica;JAM;Latin America & Caribbean;DNS;1991;34,2;216700000;633625731;.;Developing;Bilateral
Madagascar;MDG;Sub-Saharan Africa;DNS;1991;34,2;100000;292397,6608;.;Developing;Tripartite
Mexico;MEX;Latin America & Caribbean;DNS;1991;34,2;300000;877192,9825;.;Developing;Tripartite
Mexico;MEX;Latin America & Caribbean;DNS;1991;34,2;300000;877192,9825;.;Developing;Tripartite
Nigeria;NGA;Sub-Saharan Africa;DNS;1991;34,2;100000;292397,6608;.;Developing;Tripartite
Paraguay;PRY;Latin America & Caribbean;DNS;1991;34,2;9000000;26315789,47;.;Developing;Tripartite
Poland;POL;Europe & Central Asia;DNS;1991;34,2;370000000;1081871345;.;Developed;Bilateral
Chile;CHL;Latin America & Caribbean;DNS;1992;33,37;14700000;44051543,3;.;Developing;Bilateral
Colombia;COL;Latin America & Caribbean;DNS;1992;33,37;31000000;92897812,41;.;Developing;Bilateral
Egypt;EGY;Middle East & North Africa;DNS;1992;33,37;.;.;.;Developing;Bilateral
El Salvador;SLV;Latin America & Caribbean;DNS;1992;33,37;268400000;804315253,2;.;Developing;Bilateral
El Salvador;SLV;Latin America & Caribbean;DNS;1992;33,37;195500000;585855558,9;.;Developing;Bilateral
Ghana;GHA;Sub-Saharan Africa;DNS;1992;33,37;1000000;2996703,626;.;Developing;Tripartite
Guatemala;GTM;Latin America & Caribbean;DNS;1992;33,37;1300000;3895714,714;.;Developing;Tripartite
Mexico;MEX;Latin America & Caribbean;DNS;1992;33,37;400000;1198681,45;.;Developing;Tripartite
Philippines;PHL;East Asia & Pacific;DNS;1992;33,37;9600000;28768354,81;.;Developing;Tripartite
Philippines;PHL;East Asia & Pacific;DNS;1992;33,37;.;.;.;Developing;Bilateral
Tunisia;TUN;Middle East & North Africa;DNS;1992;33,37;1300000;3895714,714;.;Developing;Bilateral
Uruguay;URY;Latin America & Caribbean;DNS;1992;33,37;400000;1198681,45;.;Developing;Bilateral
Argentina;ARG;Latin America & Caribbean;DNS;1993;32,03;3800000;11863877,61;.;Developing;Bilateral
Bolivia;BOL;Latin America & Caribbean;DNS;1993;32,03;13000000;40586949,73;.;Developing;Bilateral
Bolivia;BOL;Latin America & Caribbean;DNS;1993;32,03;11500000;35903840,15;.;Developing;Tripartite
Bolivia;BOL;Latin America & Caribbean;DNS;1993;32,03;35400000;110521386,2;.;Developing;Bilateral
Bolivia;BOL;Latin America & Caribbean;DNS;1993;32,03;35400000;110521386,2;.;Developing;Bilateral
Colombia;COL;Latin America & Caribbean;DNS;1993;32,03;12000000;37464876,68;.;Developing;Bilateral
Egypt;EGY;Middle East & North Africa;DNS;1993;32,03;17300000;54011863,88;.;Developing;Bilateral
Egypt;EGY;Middle East & North Africa;DNS;1993;32,03;6200000;19356852,95;.;Developing;Bilateral
El Salvador;SLV;Latin America & Caribbean;DNS;1993;32,03;7500000;23415547,92;.;Developing;Bilateral
Honduras;HND;Latin America & Caribbean;DNS;1993;32,03;24900000;77739619,11;.;Developing;Bilateral
Honduras;HND;Latin America & Caribbean;DNS;1993;32,03;42000000;131127068,4;.;Developing;Bilateral
Jamaica;JAM;Latin America & Caribbean;DNS;1993;32,03;94100000;293787074,6;.;Developing;Bilateral
Madagascar;MDG;Sub-Saharan Africa;DNS;1993;32,03;3200000;9990633,781;.;Developing;Tripartite
Madagascar;MDG;Sub-Saharan Africa;DNS;1993;32,03;3700000;11551670,31;.;Developing;Tripartite
Madagascar;MDG;Sub-Saharan Africa;DNS;1993;32,03;700000;2185451,14;.;Developing;Tripartite
Mexico;MEX;Latin America & Caribbean;DNS;1993;32,03;300000;936621,917;.;Developing;Tripartite
Nicaragua;NIC;Latin America & Caribbean;DNS;1993;32,03;13600000;42460193,57;.;Developing;Bilateral
Nigeria;NGA;Sub-Saharan Africa;DNS;1993;32,03;7300000;22791133,31;.;Developing;Bilateral
Nigeria;NGA;Sub-Saharan Africa;DNS;1993;32,03;10200000;31845145,18;.;Developing;Bilateral
Nigeria;NGA;Sub-Saharan Africa;DNS;1993;32,03;7300000;22791133,31;.;Developing;Bilateral
Peru;PER;Latin America & Caribbean;DNS;1993;32,03;.;.;.;Developing;Tripartite
Peru;PER;Latin America & Caribbean;DNS;1993;32,03;131000000;408991570,4;.;Developing;Bilateral
Philippines;PHL;East Asia & Pacific;DNS;1993;32,03;19000000;59319388,07;.;Developing;Tripartite
Poland;POL;Europe & Central Asia;DNS;1993;32,03;66000000;206056821,7;.;Developed;Bilateral
Poland;POL;Europe & Central Asia;DNS;1993;32,03;63000000;196690602,6;.;Developed;Bilateral
Tanzania;TZA;Sub-Saharan Africa;DNS;1993;32,03;15400000;48079925,07;.;Developing;Bilateral
Tanzania;TZA;Sub-Saharan Africa;DNS;1993;32,03;25600000;79925070,25;.;Developing;Bilateral
Tanzania;TZA;Sub-Saharan Africa;DNS;1993;32,03;15400000;48079925,07;.;Developing;Bilateral
Tunisia;TUN;Middle East & North Africa;DNS;1993;32,03;500000;1561036,528;.;Developing;Bilateral
Uruguay;URY;Latin America & Caribbean;DNS;1993;32,03;3300000;10302841,09;.;Developing;Bilateral
Ecuador;ECU;Latin America & Caribbean;DNS;1994;33,07;46400000;140308436,6;.;Developing;Bilateral
Madagascar;MDG;Sub-Saharan Africa;DNS;1994;33,07;1300000;3931055,337;.;Developing;Tripartite
Madagascar;MDG;Sub-Saharan Africa;DNS;1994;33,07;200000;604777,7442;.;Developing;Tripartite
Mexico;MEX;Latin America & Caribbean;DNS;1994;33,07;300000;907166,6163;.;Developing;Tripartite
Mexico;MEX;Latin America & Caribbean;DNS;1994;33,07;500000;1511944,36;.;Developing;Tripartite
Mexico;MEX;Latin America & Caribbean;DNS;1994;33,07;300000;907166,6163;.;Developing;Tripartite
Peru;PER;Latin America & Caribbean;DNS;1994;33,07;16100000;48684608,41;.;Developing;Bilateral
Zambia;ZMB;Sub-Saharan Africa;DNS;1994;33,07;1000000;3023888,721;.;Developing;Tripartite
Bulgaria;BGR;Europe & Central Asia;DNS;1995;35,66;16700000;46831183,4;.;Developed;Bilateral
Costa Rica;CRI;Latin America & Caribbean;DNS;1995;35,66;16600000;46550757,15;.;Developing;Bilateral
Egypt;EGY;Middle East & North Africa;DNS;1995;35,66;121000000;339315760;.;Developing;Bilateral
Guinea-Bissau;GNB;Sub-Saharan Africa;DNS;1995;35,66;8400000;23555804,82;.;Developing;Bilateral
Jordan;JOR;Middle East & North Africa;DNS;1995;35,66;13400000;37577117,22;.;Developing;Bilateral
Jordan;JOR;Middle East & North Africa;DNS;1995;35,66;22700000;63656758,27;.;Developing;Bilateral
Mexico;MEX;Latin America & Caribbean;DNS;1995;35,66;500000;1402131,239;.;Developing;Tripartite
Peru;PER;Latin America & Caribbean;DNS;1995;35,66;17000000;47672462,14;.;Developing;Bilateral
Peru;PER;Latin America & Caribbean;DNS;1995;35,66;20200000;56646102,08;.;Developing;Bilateral
Philippines;PHL;East Asia & Pacific;DNS;1995;35,66;16100000;45148625,91;.;Developing;Bilateral
Costa Rica;CRI;Latin America & Caribbean;DNS;1996;38,75;14100000;36387096,77;.;Developing;Bilateral
Madagascar;MDG;Sub-Saharan Africa;DNS;1996;38,75;2000000;5161290,323;.;Developing;Tripartite
Mexico;MEX;Latin America & Caribbean;DNS;1996;38,75;400000;1032258,065;.;Developing;Tripartite
Mexico;MEX;Latin America & Caribbean;DNS;1996;38,75;500000;1290322,581;.;Developing;Tripartite
Mexico;MEX;Latin America & Caribbean;DNS;1996;38,75;700000;1806451,613;.;Developing;Tripartite
Peru;PER;Latin America & Caribbean;DNS;1996;38,75;24600000;63483870,97;.;Developing;Bilateral
Philippines;PHL;East Asia & Pacific;DNS;1996;38,75;5800000;14967741,94;.;Developing;Bilateral
Viet Nam;VNM;East Asia & Pacific;DNS;1996;38,75;18200000;46967741,94;.;Developing;Bilateral
Bolivia;BOL;Latin America & Caribbean;DNS;1997;36,85;3700000;10040705,56;.;Developing;Bilateral
Mexico;MEX;Latin America & Caribbean;DNS;1997;36,85;300000;814111,2619;.;Developing;Tripartite
Mexico;MEX;Latin America & Caribbean;DNS;1997;36,85;300000;814111,2619;.;Developing;Tripartite
Peru;PER;Latin America & Caribbean;DNS;1997;36,85;177000000;480325644,5;.;Developing;Bilateral
Poland;POL;Europe & Central Asia;DNS;1997;36,85;13000000;35278154,68;.;Developed;Bilateral
Mexico;MEX;Latin America & Caribbean;DNS;1998;28,96;300000;1035911,602;.;Developing;Tripartite
Poland;POL;Europe & Central Asia;DNS;1998;28,96;32000000;110497237,6;.;Developed;Bilateral
Costa Rica;CRI;Latin America & Caribbean;DNS;1999;31,07084145;5200000;16735948,42;.;Developing;Bilateral
Honduras;HND;Latin America & Caribbean;DNS;1999;31,07084145;1100000;3540296,782;.;Developing;Bilateral
Peru;PER;Latin America & Caribbean;DNS;1999;31,07084145;5000000;16092258,1;.;Developing;Bilateral
Peru;PER;Latin America & Caribbean;DNS;1999;31,07084145;5000000;16092258,1;.;Developing;Bilateral
Viet Nam;VNM;East Asia & Pacific;DNS;1999;31,07084145;16400000;52782606,56;.;Developing;Bilateral
Bangladesh;BGD;South Asia;DNS;2000;41,14717001;10000000;24303007,95;.;Developing;Bilateral
Bolivia;BOL;Latin America & Caribbean;DNS;2000;41,14717001;15800000;38398752,56;.;Developing;Bilateral
Ghana;GHA;Sub-Saharan Africa;DNS;2000;41,14717001;100000;243030,0795;.;Developing;Tripartite
Jordan;JOR;Middle East & North Africa;DNS;2000;41,14717001;43600000;105961114,7;.;Developing;Bilateral
Poland;POL;Europe & Central Asia;DNS;2000;41,14717001;27000000;65618121,47;.;Developed;Bilateral
Belize;BLZ;Latin America & Caribbean;DNS;2001;37,54391376;9700000;25836411,36;.;Developing;Bilateral
Egypt;EGY;Middle East & North Africa;DNS;2001;37,54391376;7500000;19976606,72;.;Developing;Bilateral
El Salvador;SLV;Latin America & Caribbean;DNS;2001;37,54391376;7700000;20509316,23;.;Developing;Bilateral
Jordan;JOR;Middle East & North Africa;DNS;2001;37,54391376;11300000;30098087,46;.;Developing;Bilateral
Syria;SYR;Middle East & North Africa;DNS;2001;37,54391376;31700000;84434457,75;.;Developing;Bilateral
Viet Nam;VNM;East Asia & Pacific;DNS;2001;37,54391376;7000000;18644832,94;.;Developing;Bilateral
Ecuador;ECU;Latin America & Caribbean;DNS;2002;37,47170443;9500000;25352463;.;Developing;Bilateral
Ecuador;ECU;Latin America & Caribbean;DNS;2002;37,47170443;10200000;27220539,22;.;Developing;Tripartite
Peru;PER;Latin America & Caribbean;DNS;2002;37,47170443;28300000;75523652,93;.;Developing;Bilateral
Philippines;PHL;East Asia & Pacific;DNS;2002;37,47170443;5500000;14677741,74;.;Developing;Bilateral
Madagascar;MDG;Sub-Saharan Africa;DNS;2003;43,82762844;25100000;57269811,06;.;Developing;Bilateral
Panama;PAN;Latin America & Caribbean;DNS;2003;43,82762844;10000000;22816657,79;.;Developing;Bilateral
Peru;PER;Latin America & Caribbean;DNS;2003;43,82762844;25000000;57041644,48;.;Developing;Bilateral
Colombia;COL;Latin America & Caribbean;DNS;2004;54,49156863;7000000;12846024,03;.;Developing;Bilateral
Indonesia;IDN;East Asia & Pacific;DNS;2004;54,49156863;29300000;53769786,3;.;Developing;Bilateral
Jamaica;JAM;Latin America & Caribbean;DNS;2004;54,49156863;6500000;11928450,88;.;Developing;Bilateral
Panama;PAN;Latin America & Caribbean;DNS;2004;54,49156863;6500000;11928450,88;.;Developing;Bilateral
Botswana;BWA;Sub-Saharan Africa;DNS;2006;82,15626938;8300000;10102698,26;.;Developing;Bilateral
Cameroon;CMR;Sub-Saharan Africa;DNS;2006;82,15626938;.;.;.;Developing;Bilateral
Guatemala;GTM;Latin America & Caribbean;DNS;2006;82,15626938;15000000;18257888,43;.;Developing;Bilateral
Indonesia;IDN;East Asia & Pacific;DNS;2006;82,15626938;10900000;13267398,92;.;Developing;Bilateral
Indonesia;IDN;East Asia & Pacific;DNS;2006;82,15626938;10900000;13267398,92;.;Developing;Bilateral
Paraguay;PRY;Latin America & Caribbean;DNS;2006;82,15626938;4800000;5842524,297;.;Developing;Bilateral
Costa Rica;CRI;Latin America & Caribbean;DNS;2007;92,88922401;12600000;13564544,36;.;Developing;Bilateral
Peru;PER;Latin America & Caribbean;DNS;2008;121,3847381;19600000;16147005,23;.;Developing;Bilateral
Indonesia;IDN;East Asia & Pacific;DNS;2009;80,87749833;29900000;36969491,66;.;Developing;Bilateral
Brazil;BRA;Latin America & Caribbean;DNS;2010;100;21000000;21000000;.;Developing;Bilateral
Costa Rica;CRI;Latin America & Caribbean;DNS;2010;100;21000000;21000000;.;Developing;Bilateral
Indonesia;IDN;East Asia & Pacific;DNS;2011;130,0662567;28500000;21911909,14;.;Developing;Bilateral
Philippines;PHL;East Asia & Pacific;DNS;2013;121,6033776;28200000;23190145,33;.;Developing;Bilateral
Indonesia;IDN;East Asia & Pacific;DNS;2014;112,4662778;11200000;9958540,659;.;Developing;Bilateral
Mozambique;MOZ;Sub-Saharan Africa;DNS;2014;112,4662778;.;.;.;Developing;Bilateral
Mozambique;MOZ;Sub-Saharan Africa;DNS;2015;71,19410442;15800000;22192848,87;.;Developing;Bilateral
Seychelles;SYC;Sub-Saharan Africa;DNS;2015;71,19410442;29600000;41576476,37;.;Developing;Tripartite
Belize;BLZ;Latin America & Caribbean;DNS;2021;100,8982258;552900000;547977921,2;.;Developing;Tripartite
Barbados;BRB;Latin America & Caribbean;DNS;2022;142,5236696;150000000;105245676,3;.;Developing;Tripartite
Cabo Verde;CPV;Sub-Saharan Africa;DNS;2023;107,9986778;12600000;11666809,5;.;Developing;Bilateral
Ecuador;ECU;Latin America & Caribbean;DNS;2023;107,9986778;1600000000;1481499619;.;Developing;Tripartite
Gabon;GAB;Sub-Saharan Africa;DNS;2023;107,9986778;500000000;462968630,8;.;Developing;Tripartite
Peru;PER;Latin America & Caribbean;DNS;2023;107,9986778;20000000;18518745,23;.;Developing;Tripartite
Poland;POL;Europe & Central Asia;Green Bond;2016;;781125000;;0,5;Developed;.
Nigeria;NGA;Sub-Saharan Africa;Green Bond;2017;;6910148,675;;13,48;Developing;.
Fiji;FJI;East Asia & Pacific;Green Bond;2017;;8516000;;4;Developing;.
Fiji;FJI;East Asia & Pacific;Green Bond;2017;;34064000;;6,3;Developing;.
France;FRA;Europe & Central Asia;Green Bond;2017;;36567065000;;1,75;Developed;.
Seychelles;SYC;Sub-Saharan Africa;Green Bond;2018;;15000000;;6,5;Developing;.
Poland;POL;Europe & Central Asia;Green Bond;2018;;1041500000;;1,125;Developed;.
Belgium;BEL;Europe & Central Asia;Green Bond;2018;;.;;0;Developed;.
Belgium;BEL;Europe & Central Asia;Green Bond;2018;;.;;0;Developed;.
Belgium;BEL;Europe & Central Asia;Green Bond;2018;;.;;0;Developed;.
Belgium;BEL;Europe & Central Asia;Green Bond;2018;;.;;0;Developed;.
Belgium;BEL;Europe & Central Asia;Green Bond;2018;;.;;0;Developed;.
Belgium;BEL;Europe & Central Asia;Green Bond;2018;;.;;0;Developed;.
Belgium;BEL;Europe & Central Asia;Green Bond;2018;;.;;0;Developed;.
Belgium;BEL;Europe & Central Asia;Green Bond;2018;;.;;0;Developed;.
Belgium;BEL;Europe & Central Asia;Green Bond;2018;;.;;0;Developed;.
Belgium;BEL;Europe & Central Asia;Green Bond;2018;;12341775000;;1,25;Developed;.
Lithuania;LTU;Europe & Central Asia;Green Bond;2018;;70822000;;1,2;Developed;.
Ireland;IRL;Europe & Central Asia;Green Bond;2018;;7444735735;;1,35;Developed;.
Poland;POL;Europe & Central Asia;Green Bond;2019;;1562250000;;1;Developed;.
Poland;POL;Europe & Central Asia;Green Bond;2019;;520750000;;2;Developed;.
Nigeria;NGA;Sub-Saharan Africa;Green Bond;2019;;9696186,167;;14,5;Developing;.
Chile;CHL;Latin America & Caribbean;Green Bond;2019;;2035804428;;0,83;Developing;.
Chile;CHL;Latin America & Caribbean;Green Bond;2019;;2318357000;;3,5;Developing;.
China;CHN;East Asia & Pacific;Green Bond;2019;;1372118551;;0;Developing;.
China;CHN;East Asia & Pacific;Green Bond;2019;;1403677278;;0;Developing;.
Hong Kong;HKG;East Asia & Pacific;Green Bond;2019;;1000000000;;2,5;Developing;.
Hong Kong;HKG;East Asia & Pacific;Green Bond;2019;;1000000000;;2,5;Developing;.
Netherlands;NLD;Europe & Central Asia;Green Bond;2019;;16341520355;;0,5;Developed;.
Egypt;EGY;Middle East & North Africa;Green Bond;2020;;750000000;;5,25;Developing;.
Egypt;EGY;Middle East & North Africa;Green Bond;2020;;750000000;;5,25;Developing;.
Chile;CHL;Latin America & Caribbean;Green Bond;2020;;1500000000;;2,55;Developing;.
Chile;CHL;Latin America & Caribbean;Green Bond;2020;;1321681206;;1,25;Developing;.
Hungary;HUN;Europe & Central Asia;Green Bond;2020;;99327138,74;;1,03;Developed;.
Hungary;HUN;Europe & Central Asia;Green Bond;2020;;28836911,25;;1,29;Developed;.
Hungary;HUN;Europe & Central Asia;Green Bond;2020;;1562250000;;1,75;Developed;.
Sweden;SWE;Europe & Central Asia;Green Bond;2020;;1817075054;;0,125;Developed;.
Sweden;SWE;Europe & Central Asia;Green Bond;2020;;1817075054;;0,125;Developed;.
Germany;DEU;Europe & Central Asia;Green Bond;2020;;8852750000;;0;Developed;.
Germany;DEU;Europe & Central Asia;Green Bond;2020;;10415000000;;0;Developed;.
Colombia;COL;Latin America & Caribbean;Green Bond;2021;;1127382895;;7;Developing;.
Hong Kong;HKG;East Asia & Pacific;Green Bond;2021;;343029637,8;;2,8;Developing;.
Hong Kong;HKG;East Asia & Pacific;Green Bond;2021;;1000000000;;0,625;Developing;.
Hong Kong;HKG;East Asia & Pacific;Green Bond;2021;;1000000000;;0,625;Developing;.
Hong Kong;HKG;East Asia & Pacific;Green Bond;2021;;1301875000;;0;Developing;.
Hong Kong;HKG;East Asia & Pacific;Green Bond;2021;;343029637,8;;3;Developing;.
Hong Kong;HKG;East Asia & Pacific;Green Bond;2021;;1000000000;;1,375;Developing;.
Hong Kong;HKG;East Asia & Pacific;Green Bond;2021;;1000000000;;1,375;Developing;.
Hong Kong;HKG;East Asia & Pacific;Green Bond;2021;;1000000000;;1,75;Developing;.
Hong Kong;HKG;East Asia & Pacific;Green Bond;2021;;520750000;;1;Developing;.
Hong Kong;HKG;East Asia & Pacific;Green Bond;2021;;500000000;;2,375;Developing;.
Hong Kong;HKG;East Asia & Pacific;Green Bond;2021;;500000000;;2,375;Developing;.
Republic of Korea;KOR;East Asia & Pacific;Green Bond;2021;;729050000;;0;Developed;.
France;FRA;Europe & Central Asia;Green Bond;2021;;24860605000;;0,5;Developed;.
Hungary;HUN;Europe & Central Asia;Green Bond;2021;;137211855,1;;3,28;Developed;.
Hungary;HUN;Europe & Central Asia;Green Bond;2021;;430478498,4;;4;Developed;.
United Kingdom of Great Britain and Northern Ireland;GBR;Europe & Central Asia;Green Bond;2021;;45152736000;;0,875;Developed;.
United Kingdom of Great Britain and Northern Ireland;GBR;Europe & Central Asia;Green Bond;2021;;30362451200;;1,5;Developed;.
Germany;DEU;Europe & Central Asia;Green Bond;2021;;9373500000;;0;Developed;.
Germany;DEU;Europe & Central Asia;Green Bond;2021;;13279125000;;0;Developed;.
Italy;ITA;Europe & Central Asia;Green Bond;2021;;14060250000;;1,5;Developed;.
Serbia;SRB;Europe & Central Asia;Green Bond;2021;;1041500000;;1;Developed;.
Serbia;SRB;Europe & Central Asia;Green Bond;2021;;1041500000;;1;Developed;.
Spain;ESP;Europe & Central Asia;Green Bond;2021;;15965286812;;1;Developed;.
Canada;CAN;North America;Green Bond;2022;;3476326218;;2,25;Developed;.
Hong Kong;HKG;East Asia & Pacific;Green Bond;2022;;2567657783;;2,5;Developing;.
Singapore;SGP;East Asia & Pacific;Green Bond;2022;;4943554932;;3;Developing;.
France;FRA;Europe & Central Asia;Green Bond;2022;;7383193500;;0,1;Developed;.
Belarus;BLR;Europe & Central Asia;Green Bond;2022;;50064833,96;;12,5;Developed;.
Belgium;BEL;Europe & Central Asia;Green Bond;2022;;8128907500;;2,75;Developed;.
Hungary;HUN;Europe & Central Asia;Green Bond;2022;;274423710,2;;3,75;Developed;.
Hungary;HUN;Europe & Central Asia;Green Bond;2022;;1041500000;;5;Developed;.
Hungary;HUN;Europe & Central Asia;Green Bond;2022;;299903877;;0,73;Developed;.
Hungary;HUN;Europe & Central Asia;Green Bond;2022;;30118551,75;;0,91;Developed;.
Hungary;HUN;Europe & Central Asia;Green Bond;2022;;49983979,49;;1,15;Developed;.
Hungary;HUN;Europe & Central Asia;Green Bond;2022;;911172546,1;;4,5;Developed;.
Denmark;DNK;Europe & Central Asia;Green Bond;2022;;2267428061;;0;Developed;.
Germany;DEU;Europe & Central Asia;Green Bond;2022;;9373500000;;1,3;Developed;.
Italy;ITA;Europe & Central Asia;Green Bond;2022;;14612245000;;4;Developed;.
Austria;AUT;Europe & Central Asia;Green Bond;2022;;1041500000;;0;Developed;.
Austria;AUT;Europe & Central Asia;Green Bond;2022;;6925975000;;1,85;Developed;.
Switzerland;CHE;Europe & Central Asia;Green Bond;2022;;2931422271;;1,5;Developed;.
New Zealand;NZL;East Asia & Pacific;Green Bond;2022;;5192625000;;4,25;Developed;.
Indonesia;IDN;East Asia & Pacific;Green Bond;2023;;94200576,74;;1,2;Developing;.
Indonesia;IDN;East Asia & Pacific;Green Bond;2023;;38449215;;1,43;Developing;.
Fiji;FJI;East Asia & Pacific;Green Bond;2023;;2129000;;1;Developing;.
Fiji;FJI;East Asia & Pacific;Green Bond;2023;;6387000;;4,2;Developing;.
Austria;AUT;Europe & Central Asia;Green Bond;2023;;52075000;;0;Developed;.
Austria;AUT;Europe & Central Asia;Green Bond;2023;;1484061471;;0;Developed;.
Austria;AUT;Europe & Central Asia;Green Bond;2023;;1562250000;;0;Developed;.
Austria;AUT;Europe & Central Asia;Green Bond;2023;;1620910405;;0;Developed;.
Austria;AUT;Europe & Central Asia;Green Bond;2023;;1900940176;;0;Developed;.
Austria;AUT;Europe & Central Asia;Green Bond;2023;;116062677;;0;Developed;.
Austria;AUT;Europe & Central Asia;Green Bond;2023;;5522891196;;2,9;Developed;.
Ireland;IRL;Europe & Central Asia;Green Bond;2023;;4183861725;;3;Developed;.
Hong Kong;HKG;East Asia & Pacific;Green Bond;2023;;102706311,3;;4,05;Developing;.
Hong Kong;HKG;East Asia & Pacific;Green Bond;2023;;781125000;;3,875;Developing;.
Hong Kong;HKG;East Asia & Pacific;Green Bond;2023;;686059275,5;;3;Developing;.
Hong Kong;HKG;East Asia & Pacific;Green Bond;2023;;823271130,6;;2,7;Developing;.
Hong Kong;HKG;East Asia & Pacific;Green Bond;2023;;500000000;;4,375;Developing;.
Hong Kong;HKG;East Asia & Pacific;Green Bond;2023;;500000000;;4,375;Developing;.
Hong Kong;HKG;East Asia & Pacific;Green Bond;2023;;500000000;;4,25;Developing;.
Hong Kong;HKG;East Asia & Pacific;Green Bond;2023;;500000000;;4,25;Developing;.
Hong Kong;HKG;East Asia & Pacific;Green Bond;2023;;2567657783;;4,75;Developing;.
Hong Kong;HKG;East Asia & Pacific;Green Bond;2023;;781125000;;3,375;Developing;.
Hong Kong;HKG;East Asia & Pacific;Green Bond;2023;;1000000000;;4,5;Developing;.
Hong Kong;HKG;East Asia & Pacific;Green Bond;2023;;686059275,5;;3,3;Developing;.
Hong Kong;HKG;East Asia & Pacific;Green Bond;2023;;1000000000;;4,5;Developing;.
Hong Kong;HKG;East Asia & Pacific;Green Bond;2023;;750000000;;4;Developing;.
Hong Kong;HKG;East Asia & Pacific;Green Bond;2023;;750000000;;4;Developing;.
Hong Kong;HKG;East Asia & Pacific;Green Bond;2023;;823271130,6;;2,95;Developing;.
Hong Kong;HKG;East Asia & Pacific;Green Bond;2023;;520750000;;3,875;Developing;.
Hong Kong;HKG;East Asia & Pacific;Green Bond;2023;;781125000;;3,75;Developing;.
Hong Kong;HKG;East Asia & Pacific;Green Bond;2023;;1000000000;;4,625;Developing;.
Hong Kong;HKG;East Asia & Pacific;Green Bond;2023;;1000000000;;4,625;Developing;.
Hong Kong;HKG;East Asia & Pacific;Green Bond;2023;;411635565,3;;3,3;Developing;.
Hong Kong;HKG;East Asia & Pacific;Green Bond;2023;;1000000000;;4;Developing;.
Hong Kong;HKG;East Asia & Pacific;Green Bond;2023;;1000000000;;4;Developing;.
Hong Kong;HKG;East Asia & Pacific;Green Bond;2023;;500000000;;5,25;Developing;.
Hong Kong;HKG;East Asia & Pacific;Green Bond;2023;;500000000;;5,25;Developing;.
Netherlands;NLD;Europe & Central Asia;Green Bond;2023;;9636950550;;3,25;Developed;.
Switzerland;CHE;Europe & Central Asia;Green Bond;2023;;381587651,6;;1,5;Developed;.
Switzerland;CHE;Europe & Central Asia;Green Bond;2023;;358599779,5;;1,5;Developed;.
Germany;DEU;Europe & Central Asia;Green Bond;2023;;11456500000;;2,3;Developed;.
Germany;DEU;Europe & Central Asia;Green Bond;2023;;9894250000;;1,8;Developed;.
Denmark;DNK;Europe & Central Asia;Green Bond;2023;;2536196473;;2,25;Developed;.
Italy;ITA;Europe & Central Asia;Green Bond;2023;;11716875000;;4;Developed;.
India;IND;South Asia;Green Bond;2023;;925604535,5;;7,1;Developing;.
India;IND;South Asia;Green Bond;2023;;578502834,7;;7,25;Developing;.
India;IND;South Asia;Green Bond;2023;;925604535,5;;7,29;Developing;.
India;IND;South Asia;Green Bond;2023;;578502834,7;;7,24;Developing;.
Israel;ISR;Middle East & North Africa;Green Bond;2023;;2000000000;;4,5;Developed;.
Uzbekistan;UZB;Europe & Central Asia;Green Bond;2023;;327574951,1;;16,25;Developing;.
Uzbekistan;UZB;Europe & Central Asia;Green Bond;2023;;327574951,1;;16,25;Developing;.
Turkiye;TUR;Europe & Central Asia;Green Bond;2023;;2500000000;;9,125;Developing;.